"term","pagerank"
"nowtake",0.0218000300454453
"fightin",0.0156826564074258
"baby",0.0155526172572735
"love",0.015386609831547
"dont",0.0136711997657071
"darling",0.012398476168471
"bout",0.0101795102445942
"thinking",0.00891232022821572
"boy",0.0087978442742252
"discovering",0.00858030537676284
